{
  "name": "ContextualMenu",
  "notes": "",
  "template": "ContextualMenu.html",
  "class": "ms-ContextualMenu",
  "branches": [
      {
        "name": "Standard",
        "default": true
      },
      {
        "name": "Sub menu",
        "template": "contextualmenu.submenu.html"
      },
      {
        "name": "Group",
        "template": "contextualmenu.dividers.html"
      },
      {
        "name": "Multi-select",
        "template": "contextualmenu.multiselect.html",
        "class": "ms-ContextualMenu--multiselect"
      }
  ]
}
