{
  "name": "TextField",
  "notes": "",
  "template": "TextField.html",
  "class": "ms-TextField",
  "branches": [
    {
      "name": "Standard",
      "default": true,
      "branches": [
        {
          "name": "Enabled",
          "default": true
        },
        {
          "name": "Disabled",
          "class": "is-disabled"
        },
        {
          "name": "Required",
          "class": "is-required"
        }
      ]
    },
    {
      "name": "Placeholder",
      "class": "ms-TextField--placeholder",
      "template": "TextField.Placeholder.html",
      "branches": [
        {
          "name": "Enabled",
          "default": true
        },
        {
          "name": "Disabled",
          "class": "is-disabled"
        },
        {
          "name": "Required",
          "class": "is-required"
        }
      ]
    },
    {
      "name": "Underlined",
      "class": "ms-TextField--underlined",
      "template": "Textfield.Underlined.html",
      "branches": [
        {
          "name": "Enabled",
          "default": true
        },
        {
          "name": "Disabled",
          "class": "is-disabled"
        }
      ]
    },
    {
      "name": "Multiline",
      "class": "ms-TextField--multiline",
      "template": "Textfield.Multiline.html",
      "branches": [
        {
          "name": "Enabled",
          "default": true
        },
        {
          "name": "Disabled",
          "class": "is-disabled"
        },
        {
          "name": "Required",
          "class": "is-required"
        }
      ]
    },
    {
      "name": "Ml Placeholder",
      "class": "ms-TextField--multiline ms-TextField--placeholder",
      "template": "Textfield.Multiline.html",
      "branches": [
        {
          "name": "Enabled",
          "default": true
        },
        {
          "name": "Disabled",
          "class": "is-disabled"
        },
        {
          "name": "Required",
          "class": "is-required"
        }
      ]
    }
  ]
}
